analysis,series,source,schedule,window,step_start,step_end,n,lag,acf
loss,log_loss,loss_curves,cosine,full_ge1000,1000,33907,32908,1,0.9464572612290714
loss,log_loss,loss_curves,cosine,full_ge1000,1000,33907,32908,2,0.9467462549844966
loss,log_loss,loss_curves,cosine,full_ge1000,1000,33907,32908,4,0.9452137588206712
loss,log_loss,loss_curves,cosine,full_ge1000,1000,33907,32908,8,0.9435801689285961
loss,log_loss,loss_curves,cosine,full_ge1000,1000,33907,32908,16,0.9409417299159905
loss,log_loss,loss_curves,cosine,full_ge1000,1000,33907,32908,32,0.9342067701407264
loss,log_loss,loss_curves,cosine,full_ge1000,1000,33907,32908,64,0.9219891757040589
loss,log_loss,loss_curves,cosine,full_ge1000,1000,33907,32908,128,0.8983498089579057
loss,log_loss,loss_curves,cosine,full_ge1000,1000,33907,32908,256,0.855462816675711
loss,log_loss,loss_curves,cosine,full_ge1000,1000,33907,32908,512,0.7843311027138988
loss,log_loss,loss_curves,cosine,full_ge1000,1000,33907,32908,1024,0.6711459625570791
loss,log_loss,loss_curves,cosine,full_ge1000,1000,33907,32908,2048,0.5234985568848243
loss,diff_log_loss,loss_curves,cosine,full_ge1000,1000,33907,32908,1,-0.5061213538996853
loss,diff_log_loss,loss_curves,cosine,full_ge1000,1000,33907,32908,2,0.01509558426909618
loss,diff_log_loss,loss_curves,cosine,full_ge1000,1000,33907,32908,4,-0.0017624218761384425
loss,diff_log_loss,loss_curves,cosine,full_ge1000,1000,33907,32908,8,-0.005876069114493056
loss,diff_log_loss,loss_curves,cosine,full_ge1000,1000,33907,32908,16,0.011362097637876248
loss,diff_log_loss,loss_curves,cosine,full_ge1000,1000,33907,32908,32,-0.0038889154765382465
loss,diff_log_loss,loss_curves,cosine,full_ge1000,1000,33907,32908,64,0.0009820864133010818
loss,diff_log_loss,loss_curves,cosine,full_ge1000,1000,33907,32908,128,-0.007193779249817807
loss,diff_log_loss,loss_curves,cosine,full_ge1000,1000,33907,32908,256,-0.003239507101786101
loss,diff_log_loss,loss_curves,cosine,full_ge1000,1000,33907,32908,512,-0.005290663522010575
loss,diff_log_loss,loss_curves,cosine,full_ge1000,1000,33907,32908,1024,-0.002627751526441302
loss,diff_log_loss,loss_curves,cosine,full_ge1000,1000,33907,32908,2048,0.003138423562077798
loss,detrended_log_loss,loss_curves,cosine,full_ge1000,1000,33907,32908,1,0.0002861841936795058
loss,detrended_log_loss,loss_curves,cosine,full_ge1000,1000,33907,32908,2,0.012451003081660318
loss,detrended_log_loss,loss_curves,cosine,full_ge1000,1000,33907,32908,4,-0.002076571126358588
loss,detrended_log_loss,loss_curves,cosine,full_ge1000,1000,33907,32908,8,-0.0027398572105527797
loss,detrended_log_loss,loss_curves,cosine,full_ge1000,1000,33907,32908,16,0.00745800163207825
loss,detrended_log_loss,loss_curves,cosine,full_ge1000,1000,33907,32908,32,-0.0012811281854017242
loss,detrended_log_loss,loss_curves,cosine,full_ge1000,1000,33907,32908,64,-0.0020211287590502806
loss,detrended_log_loss,loss_curves,cosine,full_ge1000,1000,33907,32908,128,-0.00980193230340785
loss,detrended_log_loss,loss_curves,cosine,full_ge1000,1000,33907,32908,256,-0.0059165538010359005
loss,detrended_log_loss,loss_curves,cosine,full_ge1000,1000,33907,32908,512,-0.003068806420093811
loss,detrended_log_loss,loss_curves,cosine,full_ge1000,1000,33907,32908,1024,-0.005512253337201143
loss,detrended_log_loss,loss_curves,cosine,full_ge1000,1000,33907,32908,2048,-0.0009567898597358899
loss,log_loss,loss_curves,cosine,steps_20000_30000,20000,30000,10001,1,0.22356805041805386
loss,log_loss,loss_curves,cosine,steps_20000_30000,20000,30000,10001,2,0.23786227411389127
loss,log_loss,loss_curves,cosine,steps_20000_30000,20000,30000,10001,4,0.2195351265492732
loss,log_loss,loss_curves,cosine,steps_20000_30000,20000,30000,10001,8,0.2183780931578424
loss,log_loss,loss_curves,cosine,steps_20000_30000,20000,30000,10001,16,0.2277226271820892
loss,log_loss,loss_curves,cosine,steps_20000_30000,20000,30000,10001,32,0.22738134974102228
loss,log_loss,loss_curves,cosine,steps_20000_30000,20000,30000,10001,64,0.22349260611756766
loss,log_loss,loss_curves,cosine,steps_20000_30000,20000,30000,10001,128,0.21410393801066924
loss,log_loss,loss_curves,cosine,steps_20000_30000,20000,30000,10001,256,0.20802949511780616
loss,log_loss,loss_curves,cosine,steps_20000_30000,20000,30000,10001,512,0.18425260587025669
loss,log_loss,loss_curves,cosine,steps_20000_30000,20000,30000,10001,1024,0.1465290894938341
loss,log_loss,loss_curves,cosine,steps_20000_30000,20000,30000,10001,2048,0.08934141720432973
loss,diff_log_loss,loss_curves,cosine,steps_20000_30000,20000,30000,10001,1,-0.5092660752945923
loss,diff_log_loss,loss_curves,cosine,steps_20000_30000,20000,30000,10001,2,0.018929474138491838
loss,diff_log_loss,loss_curves,cosine,steps_20000_30000,20000,30000,10001,4,-0.006019920848194135
loss,diff_log_loss,loss_curves,cosine,steps_20000_30000,20000,30000,10001,8,-0.01546694351602812
loss,diff_log_loss,loss_curves,cosine,steps_20000_30000,20000,30000,10001,16,0.017416463665001238
loss,diff_log_loss,loss_curves,cosine,steps_20000_30000,20000,30000,10001,32,0.008210683669795757
loss,diff_log_loss,loss_curves,cosine,steps_20000_30000,20000,30000,10001,64,-0.0034707469182311246
loss,diff_log_loss,loss_curves,cosine,steps_20000_30000,20000,30000,10001,128,-0.010697070216299957
loss,diff_log_loss,loss_curves,cosine,steps_20000_30000,20000,30000,10001,256,0.00481778450779708
loss,diff_log_loss,loss_curves,cosine,steps_20000_30000,20000,30000,10001,512,-0.0082281613981499
loss,diff_log_loss,loss_curves,cosine,steps_20000_30000,20000,30000,10001,1024,-0.012320818480242222
loss,diff_log_loss,loss_curves,cosine,steps_20000_30000,20000,30000,10001,2048,0.014364201962592185
loss,detrended_log_loss,loss_curves,cosine,steps_20000_30000,20000,30000,10001,1,-0.0041392203892414445
loss,detrended_log_loss,loss_curves,cosine,steps_20000_30000,20000,30000,10001,2,0.014336010164678345
loss,detrended_log_loss,loss_curves,cosine,steps_20000_30000,20000,30000,10001,4,-0.009152146799060765
loss,detrended_log_loss,loss_curves,cosine,steps_20000_30000,20000,30000,10001,8,-0.010378058543312075
loss,detrended_log_loss,loss_curves,cosine,steps_20000_30000,20000,30000,10001,16,0.002720769817671844
loss,detrended_log_loss,loss_curves,cosine,steps_20000_30000,20000,30000,10001,32,0.0040290459683663404
loss,detrended_log_loss,loss_curves,cosine,steps_20000_30000,20000,30000,10001,64,-8.03148711745173e-05
loss,detrended_log_loss,loss_curves,cosine,steps_20000_30000,20000,30000,10001,128,-0.006381270126356146
loss,detrended_log_loss,loss_curves,cosine,steps_20000_30000,20000,30000,10001,256,0.0019788861545645712
loss,detrended_log_loss,loss_curves,cosine,steps_20000_30000,20000,30000,10001,512,-0.007606811161548034
loss,detrended_log_loss,loss_curves,cosine,steps_20000_30000,20000,30000,10001,1024,-0.011036747083111276
loss,detrended_log_loss,loss_curves,cosine,steps_20000_30000,20000,30000,10001,2048,0.004557750325991336
loss,log_loss,loss_curves,wsd,full_ge1000,1000,33907,32908,1,0.9386086150957977
loss,log_loss,loss_curves,wsd,full_ge1000,1000,33907,32908,2,0.9389200966058736
loss,log_loss,loss_curves,wsd,full_ge1000,1000,33907,32908,4,0.9372331787633664
loss,log_loss,loss_curves,wsd,full_ge1000,1000,33907,32908,8,0.935422975844174
loss,log_loss,loss_curves,wsd,full_ge1000,1000,33907,32908,16,0.9325359960917238
loss,log_loss,loss_curves,wsd,full_ge1000,1000,33907,32908,32,0.9251345217233459
loss,log_loss,loss_curves,wsd,full_ge1000,1000,33907,32908,64,0.9116488310104629
loss,log_loss,loss_curves,wsd,full_ge1000,1000,33907,32908,128,0.8852731757839477
loss,log_loss,loss_curves,wsd,full_ge1000,1000,33907,32908,256,0.8375568646582343
loss,log_loss,loss_curves,wsd,full_ge1000,1000,33907,32908,512,0.7583050748319473
loss,log_loss,loss_curves,wsd,full_ge1000,1000,33907,32908,1024,0.6311914712124437
loss,log_loss,loss_curves,wsd,full_ge1000,1000,33907,32908,2048,0.46489077590064287
loss,diff_log_loss,loss_curves,wsd,full_ge1000,1000,33907,32908,1,-0.5058335713830906
loss,diff_log_loss,loss_curves,wsd,full_ge1000,1000,33907,32908,2,0.014777390140922166
loss,diff_log_loss,loss_curves,wsd,full_ge1000,1000,33907,32908,4,-0.0013502863028423602
loss,diff_log_loss,loss_curves,wsd,full_ge1000,1000,33907,32908,8,-0.005938027425431263
loss,diff_log_loss,loss_curves,wsd,full_ge1000,1000,33907,32908,16,0.010355380713076722
loss,diff_log_loss,loss_curves,wsd,full_ge1000,1000,33907,32908,32,-0.00433443586503335
loss,diff_log_loss,loss_curves,wsd,full_ge1000,1000,33907,32908,64,2.7485206361635542e-05
loss,diff_log_loss,loss_curves,wsd,full_ge1000,1000,33907,32908,128,-0.007186646463390465
loss,diff_log_loss,loss_curves,wsd,full_ge1000,1000,33907,32908,256,-0.002261733145843595
loss,diff_log_loss,loss_curves,wsd,full_ge1000,1000,33907,32908,512,-0.004805019771570605
loss,diff_log_loss,loss_curves,wsd,full_ge1000,1000,33907,32908,1024,-0.0022463065645407032
loss,diff_log_loss,loss_curves,wsd,full_ge1000,1000,33907,32908,2048,0.0023978985723248666
loss,detrended_log_loss,loss_curves,wsd,full_ge1000,1000,33907,32908,1,0.0011388308787111108
loss,detrended_log_loss,loss_curves,wsd,full_ge1000,1000,33907,32908,2,0.012724878390464545
loss,detrended_log_loss,loss_curves,wsd,full_ge1000,1000,33907,32908,4,-0.0012063983476143228
loss,detrended_log_loss,loss_curves,wsd,full_ge1000,1000,33907,32908,8,-0.002764261528381042
loss,detrended_log_loss,loss_curves,wsd,full_ge1000,1000,33907,32908,16,0.007152674274270454
loss,detrended_log_loss,loss_curves,wsd,full_ge1000,1000,33907,32908,32,-0.0016586957213222174
loss,detrended_log_loss,loss_curves,wsd,full_ge1000,1000,33907,32908,64,-0.0028499032010732444
loss,detrended_log_loss,loss_curves,wsd,full_ge1000,1000,33907,32908,128,-0.00971315120011758
loss,detrended_log_loss,loss_curves,wsd,full_ge1000,1000,33907,32908,256,-0.004784434602558992
loss,detrended_log_loss,loss_curves,wsd,full_ge1000,1000,33907,32908,512,-0.0026588176518069005
loss,detrended_log_loss,loss_curves,wsd,full_ge1000,1000,33907,32908,1024,-0.0053286581288195835
loss,detrended_log_loss,loss_curves,wsd,full_ge1000,1000,33907,32908,2048,-0.0012452878253235307
loss,log_loss,loss_curves,wsd,steps_20000_30000,20000,30000,10001,1,0.30529124135061125
loss,log_loss,loss_curves,wsd,steps_20000_30000,20000,30000,10001,2,0.3177300608358633
loss,log_loss,loss_curves,wsd,steps_20000_30000,20000,30000,10001,4,0.3017345760709261
loss,log_loss,loss_curves,wsd,steps_20000_30000,20000,30000,10001,8,0.29874867325139004
loss,log_loss,loss_curves,wsd,steps_20000_30000,20000,30000,10001,16,0.30604819687416523
loss,log_loss,loss_curves,wsd,steps_20000_30000,20000,30000,10001,32,0.3052573074782616
loss,log_loss,loss_curves,wsd,steps_20000_30000,20000,30000,10001,64,0.29896352898286166
loss,log_loss,loss_curves,wsd,steps_20000_30000,20000,30000,10001,128,0.28703492638556416
loss,log_loss,loss_curves,wsd,steps_20000_30000,20000,30000,10001,256,0.27446251031493474
loss,log_loss,loss_curves,wsd,steps_20000_30000,20000,30000,10001,512,0.23505627561946776
loss,log_loss,loss_curves,wsd,steps_20000_30000,20000,30000,10001,1024,0.16064208117697448
loss,log_loss,loss_curves,wsd,steps_20000_30000,20000,30000,10001,2048,0.05263296139975636
loss,diff_log_loss,loss_curves,wsd,steps_20000_30000,20000,30000,10001,1,-0.5091193692942615
loss,diff_log_loss,loss_curves,wsd,steps_20000_30000,20000,30000,10001,2,0.019043056767366957
loss,diff_log_loss,loss_curves,wsd,steps_20000_30000,20000,30000,10001,4,-0.004789945733263276
loss,diff_log_loss,loss_curves,wsd,steps_20000_30000,20000,30000,10001,8,-0.016348363145971254
loss,diff_log_loss,loss_curves,wsd,steps_20000_30000,20000,30000,10001,16,0.015443988913509711
loss,diff_log_loss,loss_curves,wsd,steps_20000_30000,20000,30000,10001,32,0.007703399670413898
loss,diff_log_loss,loss_curves,wsd,steps_20000_30000,20000,30000,10001,64,-0.00448278050358178
loss,diff_log_loss,loss_curves,wsd,steps_20000_30000,20000,30000,10001,128,-0.0119447945109814
loss,diff_log_loss,loss_curves,wsd,steps_20000_30000,20000,30000,10001,256,0.00695898927774459
loss,diff_log_loss,loss_curves,wsd,steps_20000_30000,20000,30000,10001,512,-0.007382096048552835
loss,diff_log_loss,loss_curves,wsd,steps_20000_30000,20000,30000,10001,1024,-0.01133494984317594
loss,diff_log_loss,loss_curves,wsd,steps_20000_30000,20000,30000,10001,2048,0.014424212456161966
loss,detrended_log_loss,loss_curves,wsd,steps_20000_30000,20000,30000,10001,1,-0.0030862547900941248
loss,detrended_log_loss,loss_curves,wsd,steps_20000_30000,20000,30000,10001,2,0.015086084264279397
loss,detrended_log_loss,loss_curves,wsd,steps_20000_30000,20000,30000,10001,4,-0.00757895578212926
loss,detrended_log_loss,loss_curves,wsd,steps_20000_30000,20000,30000,10001,8,-0.011161127978238252
loss,detrended_log_loss,loss_curves,wsd,steps_20000_30000,20000,30000,10001,16,0.0014849347537587926
loss,detrended_log_loss,loss_curves,wsd,steps_20000_30000,20000,30000,10001,32,0.003999320056334318
loss,detrended_log_loss,loss_curves,wsd,steps_20000_30000,20000,30000,10001,64,-0.0012320784851185562
loss,detrended_log_loss,loss_curves,wsd,steps_20000_30000,20000,30000,10001,128,-0.0066828129888451895
loss,detrended_log_loss,loss_curves,wsd,steps_20000_30000,20000,30000,10001,256,0.0037295132857233
loss,detrended_log_loss,loss_curves,wsd,steps_20000_30000,20000,30000,10001,512,-0.006439359452471367
loss,detrended_log_loss,loss_curves,wsd,steps_20000_30000,20000,30000,10001,1024,-0.010802876616935731
loss,detrended_log_loss,loss_curves,wsd,steps_20000_30000,20000,30000,10001,2048,0.004841976606953317
loss,log_loss,loss_curves,wsd,wsd_decay,27126,33907,6782,1,0.43199028959284824
loss,log_loss,loss_curves,wsd,wsd_decay,27126,33907,6782,2,0.45082766603431057
loss,log_loss,loss_curves,wsd,wsd_decay,27126,33907,6782,4,0.4351605862303658
loss,log_loss,loss_curves,wsd,wsd_decay,27126,33907,6782,8,0.41871704788206404
loss,log_loss,loss_curves,wsd,wsd_decay,27126,33907,6782,16,0.4207285767539517
loss,log_loss,loss_curves,wsd,wsd_decay,27126,33907,6782,32,0.4221155471537122
loss,log_loss,loss_curves,wsd,wsd_decay,27126,33907,6782,64,0.4197885083551659
loss,log_loss,loss_curves,wsd,wsd_decay,27126,33907,6782,128,0.4100049664918287
loss,log_loss,loss_curves,wsd,wsd_decay,27126,33907,6782,256,0.37868824405370005
loss,log_loss,loss_curves,wsd,wsd_decay,27126,33907,6782,512,0.3238380305952257
loss,log_loss,loss_curves,wsd,wsd_decay,27126,33907,6782,1024,0.23034103248130913
loss,log_loss,loss_curves,wsd,wsd_decay,27126,33907,6782,2048,0.04203225569296903
loss,diff_log_loss,loss_curves,wsd,wsd_decay,27126,33907,6782,1,-0.5166229804469563
loss,diff_log_loss,loss_curves,wsd,wsd_decay,27126,33907,6782,2,0.031606489133441405
loss,diff_log_loss,loss_curves,wsd,wsd_decay,27126,33907,6782,4,-0.0029073358780311873
loss,diff_log_loss,loss_curves,wsd,wsd_decay,27126,33907,6782,8,-0.033399222317304134
loss,diff_log_loss,loss_curves,wsd,wsd_decay,27126,33907,6782,16,-0.019289015374354214
loss,diff_log_loss,loss_curves,wsd,wsd_decay,27126,33907,6782,32,-0.02272882341751922
loss,diff_log_loss,loss_curves,wsd,wsd_decay,27126,33907,6782,64,0.0035957208984615913
loss,diff_log_loss,loss_curves,wsd,wsd_decay,27126,33907,6782,128,-0.0064764673932612
loss,diff_log_loss,loss_curves,wsd,wsd_decay,27126,33907,6782,256,-0.0018140334578974032
loss,diff_log_loss,loss_curves,wsd,wsd_decay,27126,33907,6782,512,0.002163368814845002
loss,diff_log_loss,loss_curves,wsd,wsd_decay,27126,33907,6782,1024,0.004728482868554128
loss,diff_log_loss,loss_curves,wsd,wsd_decay,27126,33907,6782,2048,-0.015721722868642346
loss,detrended_log_loss,loss_curves,wsd,wsd_decay,27126,33907,6782,1,-0.005235799561797007
loss,detrended_log_loss,loss_curves,wsd,wsd_decay,27126,33907,6782,2,0.02833684121113822
loss,detrended_log_loss,loss_curves,wsd,wsd_decay,27126,33907,6782,4,0.0017198895250490115
loss,detrended_log_loss,loss_curves,wsd,wsd_decay,27126,33907,6782,8,-0.025219825215419683
loss,detrended_log_loss,loss_curves,wsd,wsd_decay,27126,33907,6782,16,-0.01903645556221181
loss,detrended_log_loss,loss_curves,wsd,wsd_decay,27126,33907,6782,32,-0.009354130120408553
loss,detrended_log_loss,loss_curves,wsd,wsd_decay,27126,33907,6782,64,-0.002498186680974569
loss,detrended_log_loss,loss_curves,wsd,wsd_decay,27126,33907,6782,128,0.004377019471013027
loss,detrended_log_loss,loss_curves,wsd,wsd_decay,27126,33907,6782,256,-0.0044385236263681386
loss,detrended_log_loss,loss_curves,wsd,wsd_decay,27126,33907,6782,512,-0.010061348773549746
loss,detrended_log_loss,loss_curves,wsd,wsd_decay,27126,33907,6782,1024,0.00204971726612206
loss,detrended_log_loss,loss_curves,wsd,wsd_decay,27126,33907,6782,2048,-0.016024720721650575
loss,log_loss,loss_curves,811,full_ge1000,1000,33907,32908,1,0.9409198231676988
loss,log_loss,loss_curves,811,full_ge1000,1000,33907,32908,2,0.9412099155375225
loss,log_loss,loss_curves,811,full_ge1000,1000,33907,32908,4,0.9395461272381778
loss,log_loss,loss_curves,811,full_ge1000,1000,33907,32908,8,0.9377649270307306
loss,log_loss,loss_curves,811,full_ge1000,1000,33907,32908,16,0.9350209608302812
loss,log_loss,loss_curves,811,full_ge1000,1000,33907,32908,32,0.9279478322230565
loss,log_loss,loss_curves,811,full_ge1000,1000,33907,32908,64,0.9149000538374625
loss,log_loss,loss_curves,811,full_ge1000,1000,33907,32908,128,0.8893976046949026
loss,log_loss,loss_curves,811,full_ge1000,1000,33907,32908,256,0.8435006227097592
loss,log_loss,loss_curves,811,full_ge1000,1000,33907,32908,512,0.7672024080315436
loss,log_loss,loss_curves,811,full_ge1000,1000,33907,32908,1024,0.6441503440773346
loss,log_loss,loss_curves,811,full_ge1000,1000,33907,32908,2048,0.4824056889670823
loss,diff_log_loss,loss_curves,811,full_ge1000,1000,33907,32908,1,-0.5057737791983609
loss,diff_log_loss,loss_curves,811,full_ge1000,1000,33907,32908,2,0.014773687658800445
loss,diff_log_loss,loss_curves,811,full_ge1000,1000,33907,32908,4,-0.0013251320190310147
loss,diff_log_loss,loss_curves,811,full_ge1000,1000,33907,32908,8,-0.00626486171636844
loss,diff_log_loss,loss_curves,811,full_ge1000,1000,33907,32908,16,0.011161152689369295
loss,diff_log_loss,loss_curves,811,full_ge1000,1000,33907,32908,32,-0.004557975497689582
loss,diff_log_loss,loss_curves,811,full_ge1000,1000,33907,32908,64,0.0004333019516196205
loss,diff_log_loss,loss_curves,811,full_ge1000,1000,33907,32908,128,-0.007035968539112213
loss,diff_log_loss,loss_curves,811,full_ge1000,1000,33907,32908,256,-0.0030315157094017962
loss,diff_log_loss,loss_curves,811,full_ge1000,1000,33907,32908,512,-0.005379417946660811
loss,diff_log_loss,loss_curves,811,full_ge1000,1000,33907,32908,1024,-0.002019984937288509
loss,diff_log_loss,loss_curves,811,full_ge1000,1000,33907,32908,2048,0.0031316485467173913
loss,detrended_log_loss,loss_curves,811,full_ge1000,1000,33907,32908,1,0.003225565199784626
loss,detrended_log_loss,loss_curves,811,full_ge1000,1000,33907,32908,2,0.014668496193545733
loss,detrended_log_loss,loss_curves,811,full_ge1000,1000,33907,32908,4,0.0003696529572821416
loss,detrended_log_loss,loss_curves,811,full_ge1000,1000,33907,32908,8,-0.0013358370603798444
loss,detrended_log_loss,loss_curves,811,full_ge1000,1000,33907,32908,16,0.009257228008936757
loss,detrended_log_loss,loss_curves,811,full_ge1000,1000,33907,32908,32,-0.0005241125602531614
loss,detrended_log_loss,loss_curves,811,full_ge1000,1000,33907,32908,64,-0.0012590519075882088
loss,detrended_log_loss,loss_curves,811,full_ge1000,1000,33907,32908,128,-0.009369374911253414
loss,detrended_log_loss,loss_curves,811,full_ge1000,1000,33907,32908,256,-0.006619889782065894
loss,detrended_log_loss,loss_curves,811,full_ge1000,1000,33907,32908,512,-0.0025272859819328846
loss,detrended_log_loss,loss_curves,811,full_ge1000,1000,33907,32908,1024,-0.004597257822564769
loss,detrended_log_loss,loss_curves,811,full_ge1000,1000,33907,32908,2048,-0.00046225956888093766
loss,log_loss,loss_curves,811,steps_20000_30000,20000,30000,10001,1,0.4818482431286762
loss,log_loss,loss_curves,811,steps_20000_30000,20000,30000,10001,2,0.4908830753794137
loss,log_loss,loss_curves,811,steps_20000_30000,20000,30000,10001,4,0.47902999595091744
loss,log_loss,loss_curves,811,steps_20000_30000,20000,30000,10001,8,0.476845344496673
loss,log_loss,loss_curves,811,steps_20000_30000,20000,30000,10001,16,0.4830026445448773
loss,log_loss,loss_curves,811,steps_20000_30000,20000,30000,10001,32,0.4809492710443622
loss,log_loss,loss_curves,811,steps_20000_30000,20000,30000,10001,64,0.47517495064109794
loss,log_loss,loss_curves,811,steps_20000_30000,20000,30000,10001,128,0.4637952434622981
loss,log_loss,loss_curves,811,steps_20000_30000,20000,30000,10001,256,0.44492424411095194
loss,log_loss,loss_curves,811,steps_20000_30000,20000,30000,10001,512,0.4005752980807921
loss,log_loss,loss_curves,811,steps_20000_30000,20000,30000,10001,1024,0.3058932159359493
loss,log_loss,loss_curves,811,steps_20000_30000,20000,30000,10001,2048,0.12015860703868281
loss,diff_log_loss,loss_curves,811,steps_20000_30000,20000,30000,10001,1,-0.5088837575973324
loss,diff_log_loss,loss_curves,811,steps_20000_30000,20000,30000,10001,2,0.0184985900600613
loss,diff_log_loss,loss_curves,811,steps_20000_30000,20000,30000,10001,4,-0.005225198599653701
loss,diff_log_loss,loss_curves,811,steps_20000_30000,20000,30000,10001,8,-0.016474212943520052
loss,diff_log_loss,loss_curves,811,steps_20000_30000,20000,30000,10001,16,0.017309378147032498
loss,diff_log_loss,loss_curves,811,steps_20000_30000,20000,30000,10001,32,0.007654536607154959
loss,diff_log_loss,loss_curves,811,steps_20000_30000,20000,30000,10001,64,-0.00491222171072428
loss,diff_log_loss,loss_curves,811,steps_20000_30000,20000,30000,10001,128,-0.010713814496896738
loss,diff_log_loss,loss_curves,811,steps_20000_30000,20000,30000,10001,256,0.0053990470117537435
loss,diff_log_loss,loss_curves,811,steps_20000_30000,20000,30000,10001,512,-0.008266967580326932
loss,diff_log_loss,loss_curves,811,steps_20000_30000,20000,30000,10001,1024,-0.011280504070090529
loss,diff_log_loss,loss_curves,811,steps_20000_30000,20000,30000,10001,2048,0.014387686258977028
loss,detrended_log_loss,loss_curves,811,steps_20000_30000,20000,30000,10001,1,0.0007680643454385637
loss,detrended_log_loss,loss_curves,811,steps_20000_30000,20000,30000,10001,2,0.018392707503922134
loss,detrended_log_loss,loss_curves,811,steps_20000_30000,20000,30000,10001,4,-0.003961824517674374
loss,detrended_log_loss,loss_curves,811,steps_20000_30000,20000,30000,10001,8,-0.007348767469857367
loss,detrended_log_loss,loss_curves,811,steps_20000_30000,20000,30000,10001,16,0.006861939955149566
loss,detrended_log_loss,loss_curves,811,steps_20000_30000,20000,30000,10001,32,0.006998213140646826
loss,detrended_log_loss,loss_curves,811,steps_20000_30000,20000,30000,10001,64,0.0006744385136629883
loss,detrended_log_loss,loss_curves,811,steps_20000_30000,20000,30000,10001,128,-0.005264232568664256
loss,detrended_log_loss,loss_curves,811,steps_20000_30000,20000,30000,10001,256,-0.00012908236457533372
loss,detrended_log_loss,loss_curves,811,steps_20000_30000,20000,30000,10001,512,-0.0067113910225671215
loss,detrended_log_loss,loss_curves,811,steps_20000_30000,20000,30000,10001,1024,-0.009380738045057558
loss,detrended_log_loss,loss_curves,811,steps_20000_30000,20000,30000,10001,2048,0.005345330312850453
loss,log_loss,loss_curves,811,811_drop80,26126,28126,2001,1,0.3871152393451782
loss,log_loss,loss_curves,811,811_drop80,26126,28126,2001,2,0.3994658137767304
loss,log_loss,loss_curves,811,811_drop80,26126,28126,2001,4,0.3821956812225449
loss,log_loss,loss_curves,811,811_drop80,26126,28126,2001,8,0.3511298353703695
loss,log_loss,loss_curves,811,811_drop80,26126,28126,2001,16,0.3949041208223337
loss,log_loss,loss_curves,811,811_drop80,26126,28126,2001,32,0.37309133991626564
loss,log_loss,loss_curves,811,811_drop80,26126,28126,2001,64,0.35597343974953094
loss,log_loss,loss_curves,811,811_drop80,26126,28126,2001,128,0.33414030364549163
loss,log_loss,loss_curves,811,811_drop80,26126,28126,2001,256,0.24757759034156496
loss,log_loss,loss_curves,811,811_drop80,26126,28126,2001,512,0.11466413123333294
loss,log_loss,loss_curves,811,811_drop80,26126,28126,2001,1024,-0.17152455642554298
loss,log_loss,loss_curves,811,811_drop80,26126,28126,2001,2048,
loss,diff_log_loss,loss_curves,811,811_drop80,26126,28126,2001,1,-0.510120770721401
loss,diff_log_loss,loss_curves,811,811_drop80,26126,28126,2001,2,0.03602664397338002
loss,diff_log_loss,loss_curves,811,811_drop80,26126,28126,2001,4,0.03697343712553672
loss,diff_log_loss,loss_curves,811,811_drop80,26126,28126,2001,8,-0.055292504715216434
loss,diff_log_loss,loss_curves,811,811_drop80,26126,28126,2001,16,0.034391197490176426
loss,diff_log_loss,loss_curves,811,811_drop80,26126,28126,2001,32,0.014054298876511748
loss,diff_log_loss,loss_curves,811,811_drop80,26126,28126,2001,64,-0.025834835018264283
loss,diff_log_loss,loss_curves,811,811_drop80,26126,28126,2001,128,-0.0005833282191321294
loss,diff_log_loss,loss_curves,811,811_drop80,26126,28126,2001,256,0.024234484832850338
loss,diff_log_loss,loss_curves,811,811_drop80,26126,28126,2001,512,0.027384506166613077
loss,diff_log_loss,loss_curves,811,811_drop80,26126,28126,2001,1024,0.018359570952617685
loss,diff_log_loss,loss_curves,811,811_drop80,26126,28126,2001,2048,
loss,detrended_log_loss,loss_curves,811,811_drop80,26126,28126,2001,1,0.02990963075396139
loss,detrended_log_loss,loss_curves,811,811_drop80,26126,28126,2001,2,0.04980350474382803
loss,detrended_log_loss,loss_curves,811,811_drop80,26126,28126,2001,4,0.024088454203506363
loss,detrended_log_loss,loss_curves,811,811_drop80,26126,28126,2001,8,-0.022252393601205286
loss,detrended_log_loss,loss_curves,811,811_drop80,26126,28126,2001,16,0.04847421910902283
loss,detrended_log_loss,loss_curves,811,811_drop80,26126,28126,2001,32,0.017183861664868426
loss,detrended_log_loss,loss_curves,811,811_drop80,26126,28126,2001,64,0.007172287795132455
loss,detrended_log_loss,loss_curves,811,811_drop80,26126,28126,2001,128,0.013096407246445951
loss,detrended_log_loss,loss_curves,811,811_drop80,26126,28126,2001,256,-0.009737178477414147
loss,detrended_log_loss,loss_curves,811,811_drop80,26126,28126,2001,512,0.021248280651233718
loss,detrended_log_loss,loss_curves,811,811_drop80,26126,28126,2001,1024,0.009183598953238767
loss,detrended_log_loss,loss_curves,811,811_drop80,26126,28126,2001,2048,
loss,log_loss,loss_curves,811,811_drop90,29516,31516,2001,1,0.044294076659230644
loss,log_loss,loss_curves,811,811_drop90,29516,31516,2001,2,0.13017775882535235
loss,log_loss,loss_curves,811,811_drop90,29516,31516,2001,4,0.09439777209380978
loss,log_loss,loss_curves,811,811_drop90,29516,31516,2001,8,0.06140137930399287
loss,log_loss,loss_curves,811,811_drop90,29516,31516,2001,16,0.09452790572606863
loss,log_loss,loss_curves,811,811_drop90,29516,31516,2001,32,0.08652176884199127
loss,log_loss,loss_curves,811,811_drop90,29516,31516,2001,64,0.08479796096527742
loss,log_loss,loss_curves,811,811_drop90,29516,31516,2001,128,0.11212131063040602
loss,log_loss,loss_curves,811,811_drop90,29516,31516,2001,256,0.08716730201270168
loss,log_loss,loss_curves,811,811_drop90,29516,31516,2001,512,0.0265944278147105
loss,log_loss,loss_curves,811,811_drop90,29516,31516,2001,1024,-0.044403222312067794
loss,log_loss,loss_curves,811,811_drop90,29516,31516,2001,2048,
loss,diff_log_loss,loss_curves,811,811_drop90,29516,31516,2001,1,-0.5449422207561889
loss,diff_log_loss,loss_curves,811,811_drop90,29516,31516,2001,2,0.07603650982572019
loss,diff_log_loss,loss_curves,811,811_drop90,29516,31516,2001,4,-0.0007332546807548109
loss,diff_log_loss,loss_curves,811,811_drop90,29516,31516,2001,8,-0.017404043405704537
loss,diff_log_loss,loss_curves,811,811_drop90,29516,31516,2001,16,-0.011433963257987477
loss,diff_log_loss,loss_curves,811,811_drop90,29516,31516,2001,32,-0.014318000325574122
loss,diff_log_loss,loss_curves,811,811_drop90,29516,31516,2001,64,-0.02112163512490229
loss,diff_log_loss,loss_curves,811,811_drop90,29516,31516,2001,128,0.03906567949906484
loss,diff_log_loss,loss_curves,811,811_drop90,29516,31516,2001,256,0.02259664570533969
loss,diff_log_loss,loss_curves,811,811_drop90,29516,31516,2001,512,0.024551854268857316
loss,diff_log_loss,loss_curves,811,811_drop90,29516,31516,2001,1024,-0.001452492958574186
loss,diff_log_loss,loss_curves,811,811_drop90,29516,31516,2001,2048,
loss,detrended_log_loss,loss_curves,811,811_drop90,29516,31516,2001,1,-0.04892255761719345
loss,detrended_log_loss,loss_curves,811,811_drop90,29516,31516,2001,2,0.04563789250612072
loss,detrended_log_loss,loss_curves,811,811_drop90,29516,31516,2001,4,0.006390117154217145
loss,detrended_log_loss,loss_curves,811,811_drop90,29516,31516,2001,8,-0.029573528039133098
loss,detrended_log_loss,loss_curves,811,811_drop90,29516,31516,2001,16,0.0072974908020511705
loss,detrended_log_loss,loss_curves,811,811_drop90,29516,31516,2001,32,-1.8330049760228648e-05
loss,detrended_log_loss,loss_curves,811,811_drop90,29516,31516,2001,64,-0.0015483761866904575
loss,detrended_log_loss,loss_curves,811,811_drop90,29516,31516,2001,128,0.03690166326694832
loss,detrended_log_loss,loss_curves,811,811_drop90,29516,31516,2001,256,0.030680834457064973
loss,detrended_log_loss,loss_curves,811,811_drop90,29516,31516,2001,512,0.003830643310306247
loss,detrended_log_loss,loss_curves,811,811_drop90,29516,31516,2001,1024,-0.008999771613512347
loss,detrended_log_loss,loss_curves,811,811_drop90,29516,31516,2001,2048,
momentum_residual,momentum_log_residual,reproduced_momentum,cosine,full_ge1000,1000,33907,32908,1,0.006017020876900951
momentum_residual,momentum_log_residual,reproduced_momentum,cosine,full_ge1000,1000,33907,32908,2,0.01820080264756572
momentum_residual,momentum_log_residual,reproduced_momentum,cosine,full_ge1000,1000,33907,32908,4,0.0038667277837660576
momentum_residual,momentum_log_residual,reproduced_momentum,cosine,full_ge1000,1000,33907,32908,8,0.0032476843997818186
momentum_residual,momentum_log_residual,reproduced_momentum,cosine,full_ge1000,1000,33907,32908,16,0.013396776089163186
momentum_residual,momentum_log_residual,reproduced_momentum,cosine,full_ge1000,1000,33907,32908,32,0.0047646751818480465
momentum_residual,momentum_log_residual,reproduced_momentum,cosine,full_ge1000,1000,33907,32908,64,0.004527955987569887
momentum_residual,momentum_log_residual,reproduced_momentum,cosine,full_ge1000,1000,33907,32908,128,-0.002913309949656932
momentum_residual,momentum_log_residual,reproduced_momentum,cosine,full_ge1000,1000,33907,32908,256,-0.0033799285860893692
momentum_residual,momentum_log_residual,reproduced_momentum,cosine,full_ge1000,1000,33907,32908,512,-0.0012326357240019336
momentum_residual,momentum_log_residual,reproduced_momentum,cosine,full_ge1000,1000,33907,32908,1024,-0.0036571359095926414
momentum_residual,momentum_log_residual,reproduced_momentum,cosine,full_ge1000,1000,33907,32908,2048,0.0007532435421620027
momentum_residual,rolling_momentum_residual,reproduced_momentum,cosine,full_ge1000,1000,33907,32908,1,0.9937273160795452
momentum_residual,rolling_momentum_residual,reproduced_momentum,cosine,full_ge1000,1000,33907,32908,2,0.9874703675267628
momentum_residual,rolling_momentum_residual,reproduced_momentum,cosine,full_ge1000,1000,33907,32908,4,0.9746923362470702
momentum_residual,rolling_momentum_residual,reproduced_momentum,cosine,full_ge1000,1000,33907,32908,8,0.9494158470792008
momentum_residual,rolling_momentum_residual,reproduced_momentum,cosine,full_ge1000,1000,33907,32908,16,0.9008543176757162
momentum_residual,rolling_momentum_residual,reproduced_momentum,cosine,full_ge1000,1000,33907,32908,32,0.802247050184533
momentum_residual,rolling_momentum_residual,reproduced_momentum,cosine,full_ge1000,1000,33907,32908,64,0.5925776274543455
momentum_residual,rolling_momentum_residual,reproduced_momentum,cosine,full_ge1000,1000,33907,32908,128,0.3339726984540418
momentum_residual,rolling_momentum_residual,reproduced_momentum,cosine,full_ge1000,1000,33907,32908,256,0.22448425877327383
momentum_residual,rolling_momentum_residual,reproduced_momentum,cosine,full_ge1000,1000,33907,32908,512,0.17558193439381495
momentum_residual,rolling_momentum_residual,reproduced_momentum,cosine,full_ge1000,1000,33907,32908,1024,0.10781042534001486
momentum_residual,rolling_momentum_residual,reproduced_momentum,cosine,full_ge1000,1000,33907,32908,2048,0.14765150566056676
momentum_residual,momentum_log_residual,reproduced_momentum,cosine,steps_20000_30000,20000,30000,10001,1,0.0008994707219150587
momentum_residual,momentum_log_residual,reproduced_momentum,cosine,steps_20000_30000,20000,30000,10001,2,0.01934642616061831
momentum_residual,momentum_log_residual,reproduced_momentum,cosine,steps_20000_30000,20000,30000,10001,4,-0.003931701457234816
momentum_residual,momentum_log_residual,reproduced_momentum,cosine,steps_20000_30000,20000,30000,10001,8,-0.004990935386537306
momentum_residual,momentum_log_residual,reproduced_momentum,cosine,steps_20000_30000,20000,30000,10001,16,0.008011595056959786
momentum_residual,momentum_log_residual,reproduced_momentum,cosine,steps_20000_30000,20000,30000,10001,32,0.009124442365216949
momentum_residual,momentum_log_residual,reproduced_momentum,cosine,steps_20000_30000,20000,30000,10001,64,0.005240958612440727
momentum_residual,momentum_log_residual,reproduced_momentum,cosine,steps_20000_30000,20000,30000,10001,128,-0.0012524393122672747
momentum_residual,momentum_log_residual,reproduced_momentum,cosine,steps_20000_30000,20000,30000,10001,256,0.0036454430262152873
momentum_residual,momentum_log_residual,reproduced_momentum,cosine,steps_20000_30000,20000,30000,10001,512,-0.006078863779944717
momentum_residual,momentum_log_residual,reproduced_momentum,cosine,steps_20000_30000,20000,30000,10001,1024,-0.009657837742960525
momentum_residual,momentum_log_residual,reproduced_momentum,cosine,steps_20000_30000,20000,30000,10001,2048,0.0047880808026049175
momentum_residual,rolling_momentum_residual,reproduced_momentum,cosine,steps_20000_30000,20000,30000,10001,1,0.9917308456037375
momentum_residual,rolling_momentum_residual,reproduced_momentum,cosine,steps_20000_30000,20000,30000,10001,2,0.9836344985476744
momentum_residual,rolling_momentum_residual,reproduced_momentum,cosine,steps_20000_30000,20000,30000,10001,4,0.9668533935745016
momentum_residual,rolling_momentum_residual,reproduced_momentum,cosine,steps_20000_30000,20000,30000,10001,8,0.9336983958594507
momentum_residual,rolling_momentum_residual,reproduced_momentum,cosine,steps_20000_30000,20000,30000,10001,16,0.8723074351733888
momentum_residual,rolling_momentum_residual,reproduced_momentum,cosine,steps_20000_30000,20000,30000,10001,32,0.75743811957513
momentum_residual,rolling_momentum_residual,reproduced_momentum,cosine,steps_20000_30000,20000,30000,10001,64,0.5249521263204102
momentum_residual,rolling_momentum_residual,reproduced_momentum,cosine,steps_20000_30000,20000,30000,10001,128,0.2561769984601213
momentum_residual,rolling_momentum_residual,reproduced_momentum,cosine,steps_20000_30000,20000,30000,10001,256,0.21351676598181163
momentum_residual,rolling_momentum_residual,reproduced_momentum,cosine,steps_20000_30000,20000,30000,10001,512,0.11704693312687697
momentum_residual,rolling_momentum_residual,reproduced_momentum,cosine,steps_20000_30000,20000,30000,10001,1024,0.09047216911311545
momentum_residual,rolling_momentum_residual,reproduced_momentum,cosine,steps_20000_30000,20000,30000,10001,2048,0.029337954671455065
momentum_residual,momentum_log_residual,reproduced_momentum,wsd,full_ge1000,1000,33907,32908,1,0.09504897305356055
momentum_residual,momentum_log_residual,reproduced_momentum,wsd,full_ge1000,1000,33907,32908,2,0.10561439164016585
momentum_residual,momentum_log_residual,reproduced_momentum,wsd,full_ge1000,1000,33907,32908,4,0.09311111747652766
momentum_residual,momentum_log_residual,reproduced_momentum,wsd,full_ge1000,1000,33907,32908,8,0.09174274576018396
momentum_residual,momentum_log_residual,reproduced_momentum,wsd,full_ge1000,1000,33907,32908,16,0.10076846012336486
momentum_residual,momentum_log_residual,reproduced_momentum,wsd,full_ge1000,1000,33907,32908,32,0.09295788462695674
momentum_residual,momentum_log_residual,reproduced_momentum,wsd,full_ge1000,1000,33907,32908,64,0.09234412111119833
momentum_residual,momentum_log_residual,reproduced_momentum,wsd,full_ge1000,1000,33907,32908,128,0.08607086976256641
momentum_residual,momentum_log_residual,reproduced_momentum,wsd,full_ge1000,1000,33907,32908,256,0.08584446982040779
momentum_residual,momentum_log_residual,reproduced_momentum,wsd,full_ge1000,1000,33907,32908,512,0.08487903486287436
momentum_residual,momentum_log_residual,reproduced_momentum,wsd,full_ge1000,1000,33907,32908,1024,0.07516387755425205
momentum_residual,momentum_log_residual,reproduced_momentum,wsd,full_ge1000,1000,33907,32908,2048,0.06450470072215499
momentum_residual,rolling_momentum_residual,reproduced_momentum,wsd,full_ge1000,1000,33907,32908,1,0.9991102211713845
momentum_residual,rolling_momentum_residual,reproduced_momentum,wsd,full_ge1000,1000,33907,32908,2,0.9982197827163902
momentum_residual,rolling_momentum_residual,reproduced_momentum,wsd,full_ge1000,1000,33907,32908,4,0.9964062353551171
momentum_residual,rolling_momentum_residual,reproduced_momentum,wsd,full_ge1000,1000,33907,32908,8,0.9928096336502652
momentum_residual,rolling_momentum_residual,reproduced_momentum,wsd,full_ge1000,1000,33907,32908,16,0.9858715690266969
momentum_residual,rolling_momentum_residual,reproduced_momentum,wsd,full_ge1000,1000,33907,32908,32,0.9717899008336276
momentum_residual,rolling_momentum_residual,reproduced_momentum,wsd,full_ge1000,1000,33907,32908,64,0.9418445549125339
momentum_residual,rolling_momentum_residual,reproduced_momentum,wsd,full_ge1000,1000,33907,32908,128,0.9032876180806907
momentum_residual,rolling_momentum_residual,reproduced_momentum,wsd,full_ge1000,1000,33907,32908,256,0.8836738983777812
momentum_residual,rolling_momentum_residual,reproduced_momentum,wsd,full_ge1000,1000,33907,32908,512,0.8518729005706475
momentum_residual,rolling_momentum_residual,reproduced_momentum,wsd,full_ge1000,1000,33907,32908,1024,0.7721817107446755
momentum_residual,rolling_momentum_residual,reproduced_momentum,wsd,full_ge1000,1000,33907,32908,2048,0.6404322652849214
momentum_residual,momentum_log_residual,reproduced_momentum,wsd,steps_20000_30000,20000,30000,10001,1,0.014165732777335521
momentum_residual,momentum_log_residual,reproduced_momentum,wsd,steps_20000_30000,20000,30000,10001,2,0.03211422158596268
momentum_residual,momentum_log_residual,reproduced_momentum,wsd,steps_20000_30000,20000,30000,10001,4,0.009916997565409681
momentum_residual,momentum_log_residual,reproduced_momentum,wsd,steps_20000_30000,20000,30000,10001,8,0.006569224703954563
momentum_residual,momentum_log_residual,reproduced_momentum,wsd,steps_20000_30000,20000,30000,10001,16,0.01903271475184338
momentum_residual,momentum_log_residual,reproduced_momentum,wsd,steps_20000_30000,20000,30000,10001,32,0.02139308301911508
momentum_residual,momentum_log_residual,reproduced_momentum,wsd,steps_20000_30000,20000,30000,10001,64,0.016263213795221474
momentum_residual,momentum_log_residual,reproduced_momentum,wsd,steps_20000_30000,20000,30000,10001,128,0.010259645895039598
momentum_residual,momentum_log_residual,reproduced_momentum,wsd,steps_20000_30000,20000,30000,10001,256,0.016154821413335706
momentum_residual,momentum_log_residual,reproduced_momentum,wsd,steps_20000_30000,20000,30000,10001,512,0.003850350266779427
momentum_residual,momentum_log_residual,reproduced_momentum,wsd,steps_20000_30000,20000,30000,10001,1024,-0.003892245671134954
momentum_residual,momentum_log_residual,reproduced_momentum,wsd,steps_20000_30000,20000,30000,10001,2048,0.006237379071575616
momentum_residual,rolling_momentum_residual,reproduced_momentum,wsd,steps_20000_30000,20000,30000,10001,1,0.9960753023277753
momentum_residual,rolling_momentum_residual,reproduced_momentum,wsd,steps_20000_30000,20000,30000,10001,2,0.992187880513916
momentum_residual,rolling_momentum_residual,reproduced_momentum,wsd,steps_20000_30000,20000,30000,10001,4,0.9840717689531858
momentum_residual,rolling_momentum_residual,reproduced_momentum,wsd,steps_20000_30000,20000,30000,10001,8,0.9679493665614678
momentum_residual,rolling_momentum_residual,reproduced_momentum,wsd,steps_20000_30000,20000,30000,10001,16,0.9378207220938848
momentum_residual,rolling_momentum_residual,reproduced_momentum,wsd,steps_20000_30000,20000,30000,10001,32,0.8808482120324888
momentum_residual,rolling_momentum_residual,reproduced_momentum,wsd,steps_20000_30000,20000,30000,10001,64,0.7646190951708143
momentum_residual,rolling_momentum_residual,reproduced_momentum,wsd,steps_20000_30000,20000,30000,10001,128,0.6187302461980393
momentum_residual,rolling_momentum_residual,reproduced_momentum,wsd,steps_20000_30000,20000,30000,10001,256,0.556333389084298
momentum_residual,rolling_momentum_residual,reproduced_momentum,wsd,steps_20000_30000,20000,30000,10001,512,0.41495616753219483
momentum_residual,rolling_momentum_residual,reproduced_momentum,wsd,steps_20000_30000,20000,30000,10001,1024,0.2670778077532991
momentum_residual,rolling_momentum_residual,reproduced_momentum,wsd,steps_20000_30000,20000,30000,10001,2048,0.052578400502364994
momentum_residual,momentum_log_residual,reproduced_momentum,wsd,wsd_decay,27126,33907,6782,1,0.12186052051612974
momentum_residual,momentum_log_residual,reproduced_momentum,wsd,wsd_decay,27126,33907,6782,2,0.1511231427945395
momentum_residual,momentum_log_residual,reproduced_momentum,wsd,wsd_decay,27126,33907,6782,4,0.12792959975879914
momentum_residual,momentum_log_residual,reproduced_momentum,wsd,wsd_decay,27126,33907,6782,8,0.10452438560935082
momentum_residual,momentum_log_residual,reproduced_momentum,wsd,wsd_decay,27126,33907,6782,16,0.10956766128243686
momentum_residual,momentum_log_residual,reproduced_momentum,wsd,wsd_decay,27126,33907,6782,32,0.11813262831484192
momentum_residual,momentum_log_residual,reproduced_momentum,wsd,wsd_decay,27126,33907,6782,64,0.12358057512183614
momentum_residual,momentum_log_residual,reproduced_momentum,wsd,wsd_decay,27126,33907,6782,128,0.12780306405375633
momentum_residual,momentum_log_residual,reproduced_momentum,wsd,wsd_decay,27126,33907,6782,256,0.1118408616714233
momentum_residual,momentum_log_residual,reproduced_momentum,wsd,wsd_decay,27126,33907,6782,512,0.09589911547852953
momentum_residual,momentum_log_residual,reproduced_momentum,wsd,wsd_decay,27126,33907,6782,1024,0.07988587350522114
momentum_residual,momentum_log_residual,reproduced_momentum,wsd,wsd_decay,27126,33907,6782,2048,0.00396496267390166
momentum_residual,rolling_momentum_residual,reproduced_momentum,wsd,wsd_decay,27126,33907,6782,1,0.9992017917843874
momentum_residual,rolling_momentum_residual,reproduced_momentum,wsd,wsd_decay,27126,33907,6782,2,0.9983938442211384
momentum_residual,rolling_momentum_residual,reproduced_momentum,wsd,wsd_decay,27126,33907,6782,4,0.9967431569835904
momentum_residual,rolling_momentum_residual,reproduced_momentum,wsd,wsd_decay,27126,33907,6782,8,0.9934954296111851
momentum_residual,rolling_momentum_residual,reproduced_momentum,wsd,wsd_decay,27126,33907,6782,16,0.987195640251765
momentum_residual,rolling_momentum_residual,reproduced_momentum,wsd,wsd_decay,27126,33907,6782,32,0.9742522079368012
momentum_residual,rolling_momentum_residual,reproduced_momentum,wsd,wsd_decay,27126,33907,6782,64,0.9464167867218243
momentum_residual,rolling_momentum_residual,reproduced_momentum,wsd,wsd_decay,27126,33907,6782,128,0.9048289619583446
momentum_residual,rolling_momentum_residual,reproduced_momentum,wsd,wsd_decay,27126,33907,6782,256,0.872048968501654
momentum_residual,rolling_momentum_residual,reproduced_momentum,wsd,wsd_decay,27126,33907,6782,512,0.7758438502902661
momentum_residual,rolling_momentum_residual,reproduced_momentum,wsd,wsd_decay,27126,33907,6782,1024,0.5748870548393927
momentum_residual,rolling_momentum_residual,reproduced_momentum,wsd,wsd_decay,27126,33907,6782,2048,0.13620406238582547
momentum_residual,momentum_log_residual,method_development_baseline,811,full_ge1000,1000,33907,32908,1,0.9998788648696267
momentum_residual,momentum_log_residual,method_development_baseline,811,full_ge1000,1000,33907,32908,2,0.9997507462398694
momentum_residual,momentum_log_residual,method_development_baseline,811,full_ge1000,1000,33907,32908,4,0.9994858797600722
momentum_residual,momentum_log_residual,method_development_baseline,811,full_ge1000,1000,33907,32908,8,0.9989393431953524
momentum_residual,momentum_log_residual,method_development_baseline,811,full_ge1000,1000,33907,32908,16,0.9978134948947635
momentum_residual,momentum_log_residual,method_development_baseline,811,full_ge1000,1000,33907,32908,32,0.9954937114935034
momentum_residual,momentum_log_residual,method_development_baseline,811,full_ge1000,1000,33907,32908,64,0.9907105143278345
momentum_residual,momentum_log_residual,method_development_baseline,811,full_ge1000,1000,33907,32908,128,0.980851483673324
momentum_residual,momentum_log_residual,method_development_baseline,811,full_ge1000,1000,33907,32908,256,0.9605154275402148
momentum_residual,momentum_log_residual,method_development_baseline,811,full_ge1000,1000,33907,32908,512,0.9185807050783051
momentum_residual,momentum_log_residual,method_development_baseline,811,full_ge1000,1000,33907,32908,1024,0.8340170761202137
momentum_residual,momentum_log_residual,method_development_baseline,811,full_ge1000,1000,33907,32908,2048,0.6648537620088856
momentum_residual,rolling_momentum_residual,method_development_baseline,811,full_ge1000,1000,33907,32908,1,0.9999319402949464
momentum_residual,rolling_momentum_residual,method_development_baseline,811,full_ge1000,1000,33907,32908,2,0.9998622833985266
momentum_residual,rolling_momentum_residual,method_development_baseline,811,full_ge1000,1000,33907,32908,4,0.999718229388657
momentum_residual,rolling_momentum_residual,method_development_baseline,811,full_ge1000,1000,33907,32908,8,0.9994115164653832
momentum_residual,rolling_momentum_residual,method_development_baseline,811,full_ge1000,1000,33907,32908,16,0.9987267562289899
momentum_residual,rolling_momentum_residual,method_development_baseline,811,full_ge1000,1000,33907,32908,32,0.997097935021074
momentum_residual,rolling_momentum_residual,method_development_baseline,811,full_ge1000,1000,33907,32908,64,0.9930201208474829
momentum_residual,rolling_momentum_residual,method_development_baseline,811,full_ge1000,1000,33907,32908,128,0.9833109921299259
momentum_residual,rolling_momentum_residual,method_development_baseline,811,full_ge1000,1000,33907,32908,256,0.9629466387972814
momentum_residual,rolling_momentum_residual,method_development_baseline,811,full_ge1000,1000,33907,32908,512,0.9209285826101348
momentum_residual,rolling_momentum_residual,method_development_baseline,811,full_ge1000,1000,33907,32908,1024,0.8361489054599769
momentum_residual,rolling_momentum_residual,method_development_baseline,811,full_ge1000,1000,33907,32908,2048,0.6665527254781567
momentum_residual,momentum_log_residual,method_development_baseline,811,steps_20000_30000,20000,30000,10001,1,0.9996807546796347
momentum_residual,momentum_log_residual,method_development_baseline,811,steps_20000_30000,20000,30000,10001,2,0.9993391895652569
momentum_residual,momentum_log_residual,method_development_baseline,811,steps_20000_30000,20000,30000,10001,4,0.9986314706205005
momentum_residual,momentum_log_residual,method_development_baseline,811,steps_20000_30000,20000,30000,10001,8,0.9971693470891614
momentum_residual,momentum_log_residual,method_development_baseline,811,steps_20000_30000,20000,30000,10001,16,0.9941534502128707
momentum_residual,momentum_log_residual,method_development_baseline,811,steps_20000_30000,20000,30000,10001,32,0.9879309252304002
momentum_residual,momentum_log_residual,method_development_baseline,811,steps_20000_30000,20000,30000,10001,64,0.9750840414045785
momentum_residual,momentum_log_residual,method_development_baseline,811,steps_20000_30000,20000,30000,10001,128,0.9485806452139883
momentum_residual,momentum_log_residual,method_development_baseline,811,steps_20000_30000,20000,30000,10001,256,0.8938571498455098
momentum_residual,momentum_log_residual,method_development_baseline,811,steps_20000_30000,20000,30000,10001,512,0.7809174556379667
momentum_residual,momentum_log_residual,method_development_baseline,811,steps_20000_30000,20000,30000,10001,1024,0.5531498005972076
momentum_residual,momentum_log_residual,method_development_baseline,811,steps_20000_30000,20000,30000,10001,2048,0.0976250647106548
momentum_residual,rolling_momentum_residual,method_development_baseline,811,steps_20000_30000,20000,30000,10001,1,0.9998245934508054
momentum_residual,rolling_momentum_residual,method_development_baseline,811,steps_20000_30000,20000,30000,10001,2,0.9996447121411146
momentum_residual,rolling_momentum_residual,method_development_baseline,811,steps_20000_30000,20000,30000,10001,4,0.9992716813749384
momentum_residual,rolling_momentum_residual,method_development_baseline,811,steps_20000_30000,20000,30000,10001,8,0.9984735677229836
momentum_residual,rolling_momentum_residual,method_development_baseline,811,steps_20000_30000,20000,30000,10001,16,0.996677717482153
momentum_residual,rolling_momentum_residual,method_development_baseline,811,steps_20000_30000,20000,30000,10001,32,0.9923606046700545
momentum_residual,rolling_momentum_residual,method_development_baseline,811,steps_20000_30000,20000,30000,10001,64,0.9814324316071259
momentum_residual,rolling_momentum_residual,method_development_baseline,811,steps_20000_30000,20000,30000,10001,128,0.955228988287883
momentum_residual,rolling_momentum_residual,method_development_baseline,811,steps_20000_30000,20000,30000,10001,256,0.9001795669253482
momentum_residual,rolling_momentum_residual,method_development_baseline,811,steps_20000_30000,20000,30000,10001,512,0.7864991839123909
momentum_residual,rolling_momentum_residual,method_development_baseline,811,steps_20000_30000,20000,30000,10001,1024,0.5571048353890385
momentum_residual,rolling_momentum_residual,method_development_baseline,811,steps_20000_30000,20000,30000,10001,2048,0.09832125822647392
momentum_residual,momentum_log_residual,method_development_baseline,811,811_drop80,26126,28126,2001,1,0.9985659136429814
momentum_residual,momentum_log_residual,method_development_baseline,811,811_drop80,26126,28126,2001,2,0.9970227253967524
momentum_residual,momentum_log_residual,method_development_baseline,811,811_drop80,26126,28126,2001,4,0.9938235891369952
momentum_residual,momentum_log_residual,method_development_baseline,811,811_drop80,26126,28126,2001,8,0.9872087674020564
momentum_residual,momentum_log_residual,method_development_baseline,811,811_drop80,26126,28126,2001,16,0.9735417628447717
momentum_residual,momentum_log_residual,method_development_baseline,811,811_drop80,26126,28126,2001,32,0.9453233443428589
momentum_residual,momentum_log_residual,method_development_baseline,811,811_drop80,26126,28126,2001,64,0.8870468331153686
momentum_residual,momentum_log_residual,method_development_baseline,811,811_drop80,26126,28126,2001,128,0.766690104079944
momentum_residual,momentum_log_residual,method_development_baseline,811,811_drop80,26126,28126,2001,256,0.5179796707001738
momentum_residual,momentum_log_residual,method_development_baseline,811,811_drop80,26126,28126,2001,512,0.004278176262298373
momentum_residual,momentum_log_residual,method_development_baseline,811,811_drop80,26126,28126,2001,1024,-0.21379150391645818
momentum_residual,momentum_log_residual,method_development_baseline,811,811_drop80,26126,28126,2001,2048,
momentum_residual,rolling_momentum_residual,method_development_baseline,811,811_drop80,26126,28126,2001,1,0.9992115528803
momentum_residual,rolling_momentum_residual,method_development_baseline,811,811_drop80,26126,28126,2001,2,0.9984017247408162
momentum_residual,rolling_momentum_residual,method_development_baseline,811,811_drop80,26126,28126,2001,4,0.9967185608666332
momentum_residual,rolling_momentum_residual,method_development_baseline,811,811_drop80,26126,28126,2001,8,0.9931031380373132
momentum_residual,rolling_momentum_residual,method_development_baseline,811,811_drop80,26126,28126,2001,16,0.9849174036246819
momentum_residual,rolling_momentum_residual,method_development_baseline,811,811_drop80,26126,28126,2001,32,0.9650746465686876
momentum_residual,rolling_momentum_residual,method_development_baseline,811,811_drop80,26126,28126,2001,64,0.9144093190576437
momentum_residual,rolling_momentum_residual,method_development_baseline,811,811_drop80,26126,28126,2001,128,0.7922814368683379
momentum_residual,rolling_momentum_residual,method_development_baseline,811,811_drop80,26126,28126,2001,256,0.5353756102280973
momentum_residual,rolling_momentum_residual,method_development_baseline,811,811_drop80,26126,28126,2001,512,0.004728536296062958
momentum_residual,rolling_momentum_residual,method_development_baseline,811,811_drop80,26126,28126,2001,1024,-0.22107068586226952
momentum_residual,rolling_momentum_residual,method_development_baseline,811,811_drop80,26126,28126,2001,2048,
momentum_residual,momentum_log_residual,method_development_baseline,811,811_drop90,29516,31516,2001,1,0.04429407665923173
momentum_residual,momentum_log_residual,method_development_baseline,811,811_drop90,29516,31516,2001,2,0.13017775882535038
momentum_residual,momentum_log_residual,method_development_baseline,811,811_drop90,29516,31516,2001,4,0.09439777209380645
momentum_residual,momentum_log_residual,method_development_baseline,811,811_drop90,29516,31516,2001,8,0.06140137930398786
momentum_residual,momentum_log_residual,method_development_baseline,811,811_drop90,29516,31516,2001,16,0.09452790572606701
momentum_residual,momentum_log_residual,method_development_baseline,811,811_drop90,29516,31516,2001,32,0.08652176884199063
momentum_residual,momentum_log_residual,method_development_baseline,811,811_drop90,29516,31516,2001,64,0.08479796096527312
momentum_residual,momentum_log_residual,method_development_baseline,811,811_drop90,29516,31516,2001,128,0.11212131063040781
momentum_residual,momentum_log_residual,method_development_baseline,811,811_drop90,29516,31516,2001,256,0.08716730201270124
momentum_residual,momentum_log_residual,method_development_baseline,811,811_drop90,29516,31516,2001,512,0.02659442781470688
momentum_residual,momentum_log_residual,method_development_baseline,811,811_drop90,29516,31516,2001,1024,-0.044403222312068974
momentum_residual,momentum_log_residual,method_development_baseline,811,811_drop90,29516,31516,2001,2048,
momentum_residual,rolling_momentum_residual,method_development_baseline,811,811_drop90,29516,31516,2001,1,0.9987420230960595
momentum_residual,rolling_momentum_residual,method_development_baseline,811,811_drop90,29516,31516,2001,2,0.9974891109977679
momentum_residual,rolling_momentum_residual,method_development_baseline,811,811_drop90,29516,31516,2001,4,0.9948218885863519
momentum_residual,rolling_momentum_residual,method_development_baseline,811,811_drop90,29516,31516,2001,8,0.9889955158783139
momentum_residual,rolling_momentum_residual,method_development_baseline,811,811_drop90,29516,31516,2001,16,0.9767607012852916
momentum_residual,rolling_momentum_residual,method_development_baseline,811,811_drop90,29516,31516,2001,32,0.9512416009609075
momentum_residual,rolling_momentum_residual,method_development_baseline,811,811_drop90,29516,31516,2001,64,0.9053991942050486
momentum_residual,rolling_momentum_residual,method_development_baseline,811,811_drop90,29516,31516,2001,128,0.8078659662426697
momentum_residual,rolling_momentum_residual,method_development_baseline,811,811_drop90,29516,31516,2001,256,0.628995970796204
momentum_residual,rolling_momentum_residual,method_development_baseline,811,811_drop90,29516,31516,2001,512,0.24845432433518563
momentum_residual,rolling_momentum_residual,method_development_baseline,811,811_drop90,29516,31516,2001,1024,-0.3822128848019197
momentum_residual,rolling_momentum_residual,method_development_baseline,811,811_drop90,29516,31516,2001,2048,
